{
  "version": "1.013",
  "name":"custom.python.system_commands",
  "metricGroup": "tech.SystemCommands",
  "type":"python",
  "entity":"HOST",
  "processTypeNames": ["LINUX_SYSTEM", "WINDOWS_SYSTEM"],
    "source": {
    "package": "system_commands",
    "className": "SystemCommands",
    "activation": "Singleton"
  },
  "ui": {
    "keycharts" : [
      {
        "group": "Numerical Metrics",
        "title": "Numerical Metrics",
        "series": [
          {
            "key": "oneagent_system_commands_float_metrics",
            "seriestype": "line",
            "stacked": false,
            "unit": "Count"
          }
        ]
      },
      {
        "group": "Ok/Ko Metrics on message",
        "title": "Ok/Ko Metrics on message",
        "series": [
          {
            "key": "oneagent_system_commands_ok_ko_metrics_on_message",
            "seriestype": "bar",
            "statecolors": ["#00b33c", "#ff3333"],
            "statechart": true
          }
        ]
      },
      {
        "group": "Ok/Ko Metrics on exit status",
        "title": "Ok/Ko Metrics on exit status",
        "series": [
          {
            "key": "oneagent_system_commands_ok_ko_metrics_on_exit_status",
            "seriestype": "bar",
            "statecolors": ["#00b33c", "#ff3333"],
            "statechart": true
          }
        ]
      },
      {
        "group": "Ok/Warning/Critical Metrics",
        "title": "Ok/Warning/Critical Metrics",
        "series": [
          {
            "key": "oneagent_system_commands_ok_warning_critical_metrics",
            "seriestype": "bar",
            "statecolors": ["#00b33c", "#ffd633", "#ff3333"],
            "statechart": true
          }
        ]
      }
    ],
    "charts": [
      {
        "group": "Numerical Metrics",
        "title": "Numerical Metrics",
        "series": [
          {
            "key": "oneagent_system_commands_float_metrics",
            "seriestype": "line",
            "stacked": false,
            "unit": "Count"
          }
        ]
      },
      {
        "group": "Ok/Ko Metrics on message",
        "title": "Ok/Ko Metrics status on message",
        "series": [
          {
            "key": "oneagent_system_commands_ok_ko_metrics_on_message",
            "seriestype": "bar",
            "statecolors": ["#00b33c", "#ff3333"],
            "statechart": true
          }
        ]
      },
      {
        "group": "Ok/Ko Metrics on message",
        "title": "Ok/Ko Metrics on message value",
        "series": [
          {
            "key": "oneagent_system_commands_ok_ko_metrics_on_message_alerting",
            "seriestype": "line",
            "stacked": false,
            "unit": "Count"
          }
        ]
      },
      {
        "group": "Ok/Ko Metrics on exit status",
        "title": "Ok/Ko Metrics status on exit status",
        "series": [
          {
            "key": "oneagent_system_commands_ok_ko_metrics_on_exit_status",
            "seriestype": "bar",
            "statecolors": ["#00b33c", "#ff3333"],
            "statechart": true
          }
        ]
      },
      {
        "group": "Ok/Ko Metrics on exit status",
        "title": "Ok/Ko Metrics on exit status value",
        "series": [
          {
            "key": "oneagent_system_commands_ok_ko_metrics_on_exit_status_alerting",
            "seriestype": "line",
            "stacked": false,
            "unit": "Count"
          }
        ]
      },
      {
        "group": "Ok/Warning/Critical Metrics",
        "title": "Ok/Warning/Critical Metrics",
        "series": [
          {
            "key": "oneagent_system_commands_ok_warning_critical_metrics",
            "seriestype": "bar",
            "statecolors": ["#00b33c", "#ffd633", "#ff3333"],
            "statechart": true
          }
        ]
      },
      {
        "group": "Ok/Warning/Critical Metrics",
        "title": "Ok/Warning/Critical Metrics value",
        "series": [
          {
            "key": "oneagent_system_commands_ok_warning_critical_metrics_alerting",
            "seriestype": "line",
            "stacked": false,
            "unit": "Count"
          }
        ]
      }
    ]
  },
  "properties": [
    {
      "key": "scripts",
      "type": "TextArea"
    },
    {
        "key": "debug",
        "type": "Boolean",
        "defaultValue": false
    }
  ],
  "configUI": {
    "displayName": "OneAgent System Commands Plugin",
    "properties": [
        {
          "key" : "scripts",
          "displayName": "Json description of commands to execute",
          "displayOrder": 1,
          "displayHint": "Json description of commands to execute"
        },
        {
          "key" : "debug",
          "displayName": "Enable debug logging",
          "displayOrder": 2,
          "displayHint": "Click to activate debug logs"
        }
    ]
  },
  "metrics":[
    {
      "timeseries":{
        "key":"oneagent_system_commands_float_metrics",
        "unit":"Count",
        "aggregation": "avg",
        "dimensions": ["metric_name"],
        "displayname" : "OneAgent System Commands - Float Metrics"
      }
    },
    {
      "statetimeseries":{
         "key":"oneagent_system_commands_ok_ko_metrics_on_message",
         "states": ["OK", "KO"],
         "dimensions": ["metric_name", "message"],
         "displayname" : "OneAgent System Commands - Ok/Ko on message Metrics"
      }
    },
    {
      "timeseries":{
        "key":"oneagent_system_commands_ok_ko_metrics_on_message_alerting",
        "unit":"Count",
        "aggregation": "avg",
        "dimensions": ["metric_name", "message"],
        "displayname" : "OneAgent System Commands - Ok/Ko on message Metrics for alerting"
      }
    },
    {
      "statetimeseries":{
         "key":"oneagent_system_commands_ok_ko_metrics_on_exit_status",
         "states": ["OK", "KO"],
         "dimensions": ["metric_name"],
         "displayname" : "OneAgent System Commands - Ok/Ko on exit status Metrics"
      }
    },
    {
      "timeseries":{
        "key":"oneagent_system_commands_ok_ko_metrics_on_exit_status_alerting",
        "unit":"Count",
        "aggregation": "avg",
        "dimensions": ["metric_name"],
        "displayname" : "OneAgent System Commands - Ok/Ko on exit status Metrics for alerting"
      }
    },
    {
      "statetimeseries":{
         "key":"oneagent_system_commands_ok_warning_critical_metrics",
         "states": ["OK", "Warning", "Critical"],
         "dimensions": ["metric_name", "message"],
         "displayname" : "OneAgent System Commands - Ok/Warning/Critical Metrics"
      }
    },
    {
      "timeseries":{
        "key":"oneagent_system_commands_ok_warning_critical_metrics_alerting",
        "unit":"Count",
        "aggregation": "avg",
        "dimensions": ["metric_name", "message"],
        "displayname" : "OneAgent System Commands - Ok/Warning/Critical Metrics for alerting"
      }
    }
  ]
}